Date,Open,High,Low,Close,Volume,rsi,macd,signal_line
2022-11-15 00:00:00-05:00,53.35274097016389,53.39154385170389,52.751311108079776,52.91621780395508,3360200,,0.0,0.0
2022-11-16 00:00:00-05:00,52.86771326866219,52.9647167669583,52.57669907332762,52.73190689086914,3337000,0.0,-0.014702864861554588,-0.0029405729723109178
2022-11-17 00:00:00-05:00,52.19837970120948,52.68340458848925,52.19837970120948,52.6348991394043,2996600,0.0,-0.03379315950114403,-0.00911109027807754
2022-11-18 00:00:00-05:00,52.838612407918596,52.8483112774685,52.51849420607845,52.615501403808594,1908300,0.0,-0.04991223353123786,-0.017271318928709607
2022-11-21 00:00:00-05:00,52.25657811207304,52.411785921428724,52.081968863992145,52.18867492675781,1972200,0.0,-0.09602117307988323,-0.03302128975894433
2022-11-22 00:00:00-05:00,52.848312774590795,53.304237365722656,52.819212464670485,53.304237365722656,2729500,60.52624498353544,-0.042061416363473825,-0.03482931507985024
2022-11-23 00:00:00-05:00,53.46914521022126,54.08027763486581,53.41094458912414,53.91537094116211,3675200,70.35566180264982,0.04944547501763452,-0.017974357060353285
2022-11-25 00:00:00-05:00,54.15788513591289,54.37129358753212,54.11908225363793,54.28398895263672,1951000,74.2267177480929,0.14998085265587946,0.015616684882893266
2022-11-28 00:00:00-05:00,54.09967682678345,54.32278783275729,53.80866263205436,53.86686325073242,2778700,64.67053318922177,0.1937637181446945,0.05124609153525352
2022-11-29 00:00:00-05:00,53.54675091031298,53.85716655729306,53.50794802932887,53.53704833984375,2403800,58.69559874375001,0.19954837806481862,0.08090654884116655
2022-11-30 00:00:00-05:00,53.42064066061929,54.34218868432615,53.090823590043556,54.12877655029297,7965500,64.56868016782181,0.2490098534447327,0.11452720976187979
2022-12-01 00:00:00-05:00,54.56530538627375,54.66230889344848,54.109380761569966,54.49740219116211,4397600,67.45178316402145,0.31433003652175984,0.1544877751138558
2022-12-02 00:00:00-05:00,53.71166117335468,54.458600029929485,53.70196230268729,54.25489044189453,10397900,64.02437805974623,0.34257904284825713,0.1921060286607361
2022-12-05 00:00:00-05:00,53.55644576516822,53.808660772209784,52.95501595678977,53.11992263793945,5890500,51.724082265198724,0.2702686783401447,0.20773855859661783
2022-12-06 00:00:00-05:00,53.2557376870502,53.42064438360762,52.72220731478447,52.955020904541016,4416000,50.31949684586381,0.19738071968416904,0.2056669908141281
2022-12-07 00:00:00-05:00,53.158727426604166,53.313935244036514,52.98411816943699,53.110225677490234,3521800,53.13000237336579,0.150406423768068,0.1946148774049161
2022-12-08 00:00:00-05:00,53.19752815218195,53.49824490522677,53.042320341033744,53.440040588378906,2374500,56.41420867124503,0.1381991885341165,0.1833317396307562
2022-12-09 00:00:00-05:00,53.70196097237317,54.01237663229295,53.59525489544202,53.60495376586914,2386600,57.703916365643096,0.1402156629678828,0.1747085242981815
2022-12-12 00:00:00-05:00,53.51764722827746,53.64375474202769,53.323640223057325,53.595252990722656,3164300,61.712458610638876,0.1394237715528206,0.16765157374910933
2022-12-13 00:00:00-05:00,55.0477657891214,55.0477657891214,54.24081528979617,54.36720275878906,6082600,59.38847708894879,0.19879450739471594,0.17388016047823066
2022-12-14 00:00:00-05:00,54.60054019632386,54.89220900769309,53.92970155929761,54.3185920715332,5829200,53.954320789981274,0.23916680108069244,0.18693748859872303
2022-12-15 00:00:00-05:00,53.638025981353856,53.735251385447725,52.78246467794743,52.99635314941406,4615100,39.36208970050248,0.1625942191433296,0.18206883470764434
2022-12-16 00:00:00-05:00,52.72413390082488,53.132473215062504,52.62691219726701,53.035247802734375,3742100,42.67154237706345,0.10385123733028223,0.16642531523217194
2022-12-19 00:00:00-05:00,52.96718908522253,53.09358026022249,52.58801926899272,52.69496536254883,3185400,42.59296417663848,0.029499005782973597,0.13904005334233227
2022-12-20 00:00:00-05:00,53.492195291484656,54.00747697033815,53.32691395318424,53.44358444213867,6279300,44.134870644475576,0.030628562848143304,0.11735775524349448
2022-12-21 00:00:00-05:00,53.45330759595977,53.71581064506955,53.30747504119005,53.365806579589844,4500700,39.80615820882598,0.024959998147750184,0.09887820382434563
2022-12-22 00:00:00-05:00,53.38525289126175,53.40469797409951,52.792190845406054,53.21025085449219,3898600,40.43971328146929,0.007825366843100312,0.08066763642809657
2022-12-23 00:00:00-05:00,53.06441516551351,53.326914496409806,52.928299593680094,53.24913787841797,2062900,51.47933180478218,-0.002586281037899596,0.06401685293489734
2022-12-27 00:00:00-05:00,53.06441587329095,53.239414193299254,52.88941384451248,53.006080627441406,1957300,50.574284579139714,-0.030103264144642594,0.045192829518989355
2022-12-28 00:00:00-05:00,53.103304157796586,53.23941602736433,52.37413024902344,52.37413024902344,2674700,42.522778897638524,-0.10173109290099092,0.015808045034993303
2022-12-29 00:00:00-05:00,53.10330129643531,53.49219551033435,53.07413552846241,53.34635925292969,2845700,49.15824846580346,-0.07913370380417462,-0.003180304732840282
2022-12-30 00:00:00-05:00,53.06441452037387,53.219971463236455,52.860243019491065,52.92829895019531,4266100,44.18462991072746,-0.0938769279059457,-0.02131962936746137
2023-01-03 00:00:00-05:00,53.521363347941694,53.77414570938201,53.05469249847906,53.18108367919922,4802700,46.58326766648121,-0.0841929008525355,-0.0338942836644762
2023-01-04 00:00:00-05:00,53.16163550866769,53.21997075225061,52.51996266433566,52.65607452392578,7988000,35.284306611009555,-0.11752730912763099,-0.05062088875710716
2023-01-05 00:00:00-05:00,51.9269012015651,52.20884931862134,51.790789340577966,51.946346282958984,3930800,31.68171122692209,-0.19892116606840204,-0.08028094421936614
2023-01-06 00:00:00-05:00,52.36440705973641,53.30747312348943,52.08245893837951,53.24913787841797,4643200,51.95786336261097,-0.15649797895041928,-0.09552435116557678
2023-01-09 00:00:00-05:00,53.47275267834978,53.8422018262195,53.336640810389945,53.365806579589844,3307100,52.52976016703528,-0.11217008149725416,-0.09885349723191227
2023-01-10 00:00:00-05:00,53.18107886746692,53.297745642084216,52.899130762436066,53.239410400390625,2293300,54.30764875291481,-0.08624484187323134,-0.09633176616017608
2023-01-11 00:00:00-05:00,53.6283080175407,53.69636394947601,53.424140221734774,53.667198181152344,4146200,51.863856652924376,-0.0308246762737312,-0.0832303481828871
2023-01-12 00:00:00-05:00,54.513036562060805,54.960262298583984,53.93941965346977,54.960262298583984,4269600,61.051166543898546,0.11609737367796669,-0.04336480381071635
2023-01-13 00:00:00-05:00,54.8047092854509,55.21304859801073,54.76582282944968,55.193603515625,5024200,63.59996651826585,0.24849830906016734,0.015007818763460393
2023-01-17 00:00:00-05:00,55.52415794237303,55.75749149431413,55.4755470947828,55.718605041503906,8498300,65.87495745300703,0.3912798096826009,0.09026221694728849
2023-01-18 00:00:00-05:00,56.37000105136475,56.46722645961477,55.62138209730508,55.64082717895508,4175700,67.30518968027079,0.49248212672269176,0.17070619890236916
2023-01-19 00:00:00-05:00,55.60193560869813,55.747771862997844,55.41721290085249,55.61166000366211,5455300,73.09285750435764,0.5638326331925825,0.24933148576041184
2023-01-20 00:00:00-05:00,55.533881584921964,56.24361038208008,55.436659884565564,56.24361038208008,4456800,71.72005808815832,0.6637205800363191,0.3322093046155933
2023-01-23 00:00:00-05:00,55.776940758546495,56.20472515047356,55.679719056074106,56.08805465698242,4207500,74.6585272478615,0.7220075964441506,0.4101689629813048
2023-01-24 00:00:00-05:00,56.2047210928451,56.61305666427415,55.98110822628586,56.46722412109375,3058200,75.14874227386795,0.78969319223188,0.4860738088314199
2023-01-25 00:00:00-05:00,56.72972520751005,57.18667534966829,56.65194859047869,57.14778518676758,2967500,83.5755481556296,0.8880136364243754,0.566461774350011
2023-01-26 00:00:00-05:00,57.11862131533962,57.17695656162745,56.63250538925162,57.03112030029297,2231000,91.70652370489918,0.9456189093188172,0.6422932013437722
2023-01-27 00:00:00-05:00,56.972783835679394,57.27417703856612,56.89500721772901,57.186676025390625,3369800,89.78386786940494,0.9923839654767406,0.712311354170366
2023-01-30 00:00:00-05:00,56.95334349669946,57.225567227622896,56.846397399902344,56.846397399902344,3389100,83.64663539546272,0.990569301852382,0.7679629437067692
2023-01-31 00:00:00-05:00,56.710284884461764,57.06028523073604,56.5158377751293,57.04084014892578,3092000,86.270981380458,0.9933701202812912,0.8130443790216737
2023-02-01 00:00:00-05:00,56.71028434385473,57.400568052073034,56.33111081532444,57.235286712646484,5407800,85.63116500793494,0.9997554432756104,0.8503865918724611
2023-02-02 00:00:00-05:00,57.36168136891578,57.37140205593293,56.79778509389296,57.099178314208984,5095600,77.77797594276994,0.982507314768732,0.8768107364517154
2023-02-03 00:00:00-05:00,56.53528544158956,56.865844429936026,56.24361290987126,56.447784423828125,4618600,64.69258613755196,0.9058341138310411,0.8826154119275805
2023-02-06 00:00:00-05:00,55.87416358191384,55.990830361231204,55.56304969788751,55.9324951171875,2711300,52.511412661783886,0.7943339220956389,0.8649591139611923
2023-02-07 00:00:00-05:00,55.94221794095881,56.768613476797825,55.77693660852904,56.749168395996094,4250200,61.08949535153027,0.7630717095344437,0.8445816330758427
2023-02-08 00:00:00-05:00,56.33111329851184,56.408893628440126,56.029723791965374,56.12694549560547,3460600,54.60873564536084,0.6802465343110669,0.8117146133228875
2023-02-09 00:00:00-05:00,56.93389495481042,56.953340035661874,56.107495708088315,56.18527603149414,3748000,49.418597577667335,0.612256066166367,0.7718229038915835
2023-02-10 00:00:00-05:00,56.61305723636117,56.690837560526,56.32138843828305,56.50611114501953,2959000,54.03375826233802,0.5776035880303425,0.7329790407193353
2023-02-13 00:00:00-05:00,55.93249661838001,56.47694778442383,55.89361016341056,56.47694778442383,4087500,50.1006180768329,0.5415454115739067,0.6946923148902496
2023-02-14 00:00:00-05:00,55.89361019758349,56.50611358739086,55.77693970629339,56.19499969482422,4342200,39.25434765960779,0.48463166034711236,0.6526801839816222
2023-02-15 00:00:00-05:00,55.39776922148519,55.650551574165135,55.31999260365528,55.64082717895508,3485900,35.72846662964898,0.39031075244656677,0.6002062976746112
2023-02-16 00:00:00-05:00,55.2324914035021,55.73805239837918,55.18387684515674,55.45610427856445,3376500,32.34120635602754,0.2972288895024775,0.5396108160401845
2023-02-17 00:00:00-05:00,55.251938049477275,55.51443738637013,55.07693601903524,55.43666076660156,1972600,34.60715023558656,0.21936323080562659,0.47556129899327293
2023-02-21 00:00:00-05:00,54.97970876010694,55.15471078466593,54.726930118393994,54.75609588623047,3245900,27.447166153804446,0.1015674310470871,0.4007625254040358
2023-02-22 00:00:00-05:00,54.64915256786011,54.66859765032865,54.22137187986308,54.34776306152344,2807700,22.65189018657992,-0.02445374772665332,0.31571927077789796
2023-02-23 00:00:00-05:00,54.53248336158806,54.90193249455305,54.32831556788508,54.892208099365234,2875400,30.598194176346155,-0.0794781013229553,0.23667979635772732
2023-02-24 00:00:00-05:00,54.01719947219672,54.26025741917764,53.90052898733152,54.075531005859375,3795100,29.734103639357045,-0.18683064676983463,0.15197770773221495
2023-02-27 00:00:00-05:00,54.639431163648,54.71720778373075,54.47414981922055,54.5908203125,2106700,38.538221787129096,-0.22770394256720294,0.07604137767233136
2023-02-28 00:00:00-05:00,54.31859034056021,54.60053845636602,54.24081372409967,54.38664627075195,4853200,27.45823563625457,-0.27341965123657985,0.006149171890549123
2023-03-01 00:00:00-05:00,54.49359669418108,54.68804381394027,54.3380397401278,54.474151611328125,5942200,32.43802825350656,-0.29914042543316555,-0.05490874757419381
2023-03-02 00:00:00-05:00,54.211643871025274,54.610258763136855,54.19220249862277,54.5324821472168,4457500,32.43802825350656,-0.311229873289129,-0.10617297271718086
2023-03-03 00:00:00-05:00,55.26165698077065,55.88388475423494,55.13526580529507,55.78666305541992,8397400,43.620726862158946,-0.2171062642792947,-0.12835963102960363
2023-03-06 00:00:00-05:00,55.7963837417934,55.971385766676484,55.67971696146136,55.78666305541992,5144800,43.847496076356684,-0.1408885505048758,-0.13086541492465806
2023-03-07 00:00:00-05:00,56.00054983986734,56.07833016358161,55.25193462235229,55.29082107543945,5951700,42.23705214644158,-0.11912259594495112,-0.12851685112871666
2023-03-08 00:00:00-05:00,55.854719175084284,56.126942899702264,55.73805239435802,55.97138595581055,8046700,52.77777065424778,-0.046421899255072674,-0.11209786075398787
2023-03-09 00:00:00-05:00,56.44778536448649,56.54500707083251,55.76722229375326,55.874168395996094,5245600,53.56553752935412,0.0033111135994374763,-0.0890160658833028
2023-03-10 00:00:00-05:00,55.73805384982073,55.893610797774436,55.135267431326206,55.20332336425781,9355700,48.20894613369189,-0.011276712064606897,-0.07346819511956362
2023-03-13 00:00:00-04:00,54.921379805157535,55.2422143927448,54.668597442796425,54.678321838378906,9131200,49.38841553186971,-0.06445787426962823,-0.07166613094957655
2023-03-14 00:00:00-04:00,54.20192022521406,54.57136932977869,54.13386429921134,54.52275848388672,6264400,51.43306451008275,-0.11779907664877953,-0.08089272008941716
2023-03-15 00:00:00-04:00,53.5019144620001,53.59913986670749,53.044968040570275,53.41441345214844,12286100,38.921309395731704,-0.24666316564121615,-0.11404680919977696
2023-03-16 00:00:00-04:00,53.842200832641645,54.513039473251595,53.803310668579286,54.503318786621094,7071500,53.081260969961676,-0.25794983927404047,-0.14282741521462966
2023-03-17 00:00:00-04:00,54.483870805022875,54.58109250123458,54.16303253173828,54.16303253173828,5380200,46.83905097679307,-0.29099841770323565,-0.17246161571235086
2023-03-20 00:00:00-04:00,54.7658235427335,55.10610321699004,54.717208981750886,54.95054626464844,6567400,53.83600142205798,-0.2507533489731273,-0.18811996236450615
2023-03-21 00:00:00-04:00,55.16443361255871,55.31026615636802,54.9797071981223,55.29082107543945,4640900,55.37079657429052,-0.189220294845434,-0.18834002886069173
2023-03-22 00:00:00-04:00,55.271377211067716,55.9130500607542,55.09637518762867,55.1352653503418,6112900,53.914127777882356,-0.15126328412815582,-0.18092467991418457
2023-03-23 00:00:00-04:00,55.62138438347577,55.89361182899491,55.17415861345396,55.378326416015625,7151300,46.947689587818466,-0.100411600587897,-0.16482206404892707
2023-03-24 00:00:00-04:00,55.40749394086709,55.55332649094018,55.183877354968786,55.54360580444336,4123000,48.22696101184215,-0.046241565682201724,-0.141105964375582
2023-03-27 00:00:00-04:00,55.62138171691031,55.8449945912009,55.56305018112933,55.78666305541992,3751800,53.755541635655085,0.01611549668001544,-0.10966167216446253
2023-03-28 00:00:00-04:00,55.87416301211212,55.94221894175072,55.78666200132391,55.89360809326172,3848900,49.35484585470505,0.07331832067563226,-0.07306567359644357
2023-03-29 00:00:00-04:00,56.07832858805959,56.204719756159335,56.01027266110662,56.10749435424805,5225400,51.89865087608312,0.13436196347822005,-0.03158014618151085
2023-03-30 00:00:00-04:00,56.35055385096588,56.486665708628074,56.301943003053665,56.369998931884766,4902900,60.16944812978609,0.20159752498997818,0.015055388052786955
2023-03-31 00:00:00-04:00,56.583892150339295,57.07972874216396,56.54500198778872,57.06028366088867,8427600,70.18111443000893,0.3070429999981883,0.07345291044186722
2023-04-03 00:00:00-04:00,57.060281400167156,57.3325088184655,56.95333902054518,57.322784423828125,8723300,73.30092834205043,0.40709814241861864,0.14018195683721751
2023-04-04 00:00:00-04:00,57.18667413441241,57.44917716525877,57.138063286204556,57.303340911865234,5677000,89.5256498634866,0.47929857905959494,0.20800528128169302
2023-04-05 00:00:00-04:00,56.59361698091697,56.78806409913907,56.29222747100451,56.447784423828125,6077000,70.74694369960096,0.46215426024190265,0.25883507707373493
2023-04-06 00:00:00-04:00,56.224172255799765,56.34083904471862,56.06861159221415,56.20472717285156,6155300,72.24591382242772,0.4240662039935401,0.291881302457696
2023-04-10 00:00:00-04:00,55.66027397382558,56.08805465698242,55.66027397382558,56.08805465698242,5444200,64.51614787640165,0.38008526174678536,0.30952209431551386
2023-04-11 00:00:00-04:00,56.27278137207031,56.360282388251555,56.11722442205591,56.27278137207031,4389200,63.04919777963653,0.35603183683971196,0.3188240428203535
2023-04-12 00:00:00-04:00,56.72972800866747,56.76861817348847,56.350558173588304,56.45750427246094,3776700,67.43597147200472,0.34786494799108425,0.32463222385449964
2023-04-13 00:00:00-04:00,56.91445520278915,57.32279081259183,56.91445520278915,57.24501419067383,4864400,71.52472738949322,0.40032341945725136,0.33977046297505
2023-04-14 00:00:00-04:00,57.070008760843166,57.30334232148868,56.61305861715477,56.81722640991211,4492400,63.847749085449315,0.4027357502664799,0.35236352043333596
2023-04-17 00:00:00-04:00,56.82695266459315,57.00195469518888,56.7297272538343,56.98250961303711,2705200,63.225811351067655,0.4132211567022992,0.36453504768712863
2023-04-18 00:00:00-04:00,57.381119665342744,57.449175592724856,57.15750680269152,57.322784423828125,3137900,65.03063497361765,0.44387157506466224,0.3804023531626354
2023-04-19 00:00:00-04:00,56.807505667376496,56.95334192421331,56.74917042288775,56.865840911865234,4101500,57.58761041951016,0.42637573578953436,0.3895970296880152
2023-04-20 00:00:00-04:00,56.84639601902281,57.18667567441123,56.84639601902281,57.05056381225586,3552400,56.91703098756682,0.4225449166075421,0.3961866070719206
2023-04-21 00:00:00-04:00,57.245011457602374,57.39084400752495,56.99222910370438,57.37139892578125,6477200,53.41882097479387,0.4403219201324191,0.4050136696840203
2023-04-24 00:00:00-04:00,57.11862267889931,57.361680647745686,57.09917759633917,57.34223556518555,3369900,50.22530105682501,0.44690543634931856,0.41339202301708
2023-04-25 00:00:00-04:00,57.31306407393537,57.351954235173096,56.91444919317345,56.9436149597168,5477100,46.169768220205434,0.41517172769155053,0.4137479639519741
2023-04-26 00:00:00-04:00,57.0602869496696,57.07973203206564,56.68111711487242,56.73945236206055,6306400,53.605750412407794,0.36929135867153207,0.4048566428958857
2023-04-27 00:00:00-04:00,57.26445956850184,57.70196095018249,57.18667923741265,57.6630744934082,5940500,65.43208979504183,0.4028160104166716,0.40444851640004287
2023-04-28 00:00:00-04:00,56.904726342736915,57.225564618500066,56.74916940233448,57.206119537353516,8999100,61.03644549141994,0.3880390201565973,0.40116661715135377
2023-05-01 00:00:00-04:00,57.118620256399325,57.26445651503009,56.992229079504,57.138065338134766,4921300,58.74261231934052,0.36661068403046926,0.3942554305271769
2023-05-02 00:00:00-04:00,56.5450039019833,56.700560848681555,56.30194594096914,56.66167068481445,6373500,51.948030204095296,0.307641209774701,0.3769325863766817
2023-05-03 00:00:00-04:00,57.04083576216253,57.361674024202344,56.94361406935826,57.001949310302734,7567100,47.46442845977897,0.28507890565570904,0.3585618502324872
2023-05-04 00:00:00-04:00,56.94361682654786,57.3130659528784,56.94361682654786,57.1088981628418,4384000,53.26089923369294,0.27268465669773434,0.34138641152553667
2023-05-05 00:00:00-04:00,57.420014307563285,57.964461769110336,57.371399748122144,57.87696075439453,7126100,58.81225895244331,0.3211364956528371,0.33733642835099675
2023-05-08 00:00:00-04:00,57.76029289103421,57.82834882245509,57.65334679629566,57.750572204589844,4012600,54.40006528962068,0.3453553854975979,0.338940219780317
2023-05-09 00:00:00-04:00,58.17835181540017,58.43113045482198,58.129740966523286,58.372798919677734,12314000,64.9903236823132,0.41003094443714616,0.3531583647116829
2023-05-10 00:00:00-04:00,58.275570552376585,58.275570552376585,57.85751059748949,58.08112716674805,5274200,60.037854298848316,0.43276269899154585,0.3690792315676555
2023-05-11 00:00:00-04:00,58.19779951880601,58.265855452053906,57.94501715922505,58.24641036987305,4593400,58.789080311347384,0.45882569441602783,0.38702852413732997
2023-05-12 00:00:00-04:00,58.73252243107649,58.80057835984353,58.30474177757372,58.52835464477539,4825100,61.33824007748105,0.49650791852239706,0.4089244030143434
2023-05-15 00:00:00-04:00,58.55752246533477,58.926971597862234,58.55752246533477,58.878360748291016,6085500,68.66794755710637,0.5482935334899182,0.43679822910945837
2023-05-16 00:00:00-04:00,58.94641464670043,59.03391565641924,58.732522465438926,58.761688232421875,6518600,69.84721021044632,0.5733107401502338,0.4641007313176135
2023-05-17 00:00:00-04:00,59.04363824273683,59.22836095419051,58.91724706712638,59.16030502319336,7119000,66.38285687571585,0.6181761504425012,0.49491581514259103
2023-05-18 00:00:00-04:00,59.28669546553701,59.31586123309789,58.91724633842899,59.17002868652344,7947700,73.82070997539395,0.6470580473138625,0.5253442615768453
2023-05-19 00:00:00-04:00,58.975581260706775,59.286695142226385,58.975581260706775,59.267250061035156,9201200,75.64393191059244,0.67006798445545,0.5542890061525663
2023-05-22 00:00:00-04:00,59.43253293896299,59.64642142007656,59.393642775571394,59.529754638671875,6471100,86.41965501039039,0.7014001467059998,0.583711234263253
2023-05-23 00:00:00-04:00,58.63530406600018,58.936693565154,58.57696881998484,58.674190521240234,15764500,68.7772641448011,0.6497048439823274,0.5969099562070679
2023-05-24 00:00:00-04:00,58.25613160782799,58.26585600339554,58.01307364142263,58.051963806152344,8184200,59.49118562364813,0.5521624632205047,0.5879604576097552
2023-05-25 00:00:00-04:00,58.431133434363474,58.431133434363474,58.13946461745926,58.38252258300781,9127500,55.57940239392695,0.49581728142440795,0.5695318223726858
2023-05-26 00:00:00-04:00,58.35335626557766,58.73252609486695,58.30474541467881,58.576969146728516,5308400,58.98517892382745,0.46153326337470446,0.5479321105730895
2023-05-30 00:00:00-04:00,58.4019636548557,58.42140873581672,58.05195961509724,58.19779586791992,5522900,47.99106321783713,0.39916548609890157,0.518178785678252
2023-05-31 00:00:00-04:00,57.61445371660843,57.76028996728262,57.29361915740311,57.69223403930664,7626200,45.74468973209068,0.3054232299837665,0.47562767453935495
2023-06-01 00:00:00-04:00,58.63530431793312,59.160306699246206,58.58668975832638,59.140865325927734,11298100,57.64118908420181,0.34405816637633535,0.44931377290675106
2023-06-02 00:00:00-04:00,60.27837371826172,60.36587473168742,60.06448152793887,60.27837371826172,14766900,63.04345971814615,0.4611482228658019,0.4516806628985613
2023-06-05 00:00:00-04:00,60.46309472025557,60.52142996381163,60.03531406048784,60.06447982788086,8439900,59.02361729419754,0.5305674357218564,0.46745801746322035
2023-06-06 00:00:00-04:00,60.803381445242536,61.32838754001279,60.76449128071802,61.28949737548828,11346500,66.45570060334671,0.6766315528886295,0.5092927245483022
2023-06-07 00:00:00-04:00,60.027660656466104,60.360495194696135,59.694826118236065,59.71440505981445,10400700,53.12799062123951,0.6577099607816166,0.5389761717949652
2023-06-08 00:00:00-04:00,59.665459131533154,60.3017579237668,59.54798921723331,60.223445892333984,14393100,55.629368847429504,0.6759973272716309,0.5663804028902983
2023-06-09 00:00:00-04:00,60.977219650294096,61.045744079640926,60.74227608231831,60.908695220947266,5957300,58.253055468925915,0.7372851269207459,0.6005613476963879
2023-06-12 00:00:00-04:00,61.153428888398864,61.31984429951798,61.07511311777706,61.29047775268555,5143200,58.74785029363368,0.807356110637258,0.6419203002845619
2023-06-13 00:00:00-04:00,62.33792411231226,62.48476430848308,62.063826396048114,62.171504974365234,10623300,67.33195302828994,0.9233357638752153,0.6982033930026926
2023-06-14 00:00:00-04:00,62.49455262887448,62.75886274443215,62.0246692237613,62.45539474487305,9214700,72.57967406234339,1.0263271460950278,0.7638281436211597
2023-06-15 00:00:00-04:00,61.80930372769956,62.45539386744097,61.77014584424825,62.36729049682617,9803400,70.95389306239531,1.0882941050145618,0.8287213358998402
2023-06-16 00:00:00-04:00,62.42602688947023,62.42602688947023,61.73099126738104,61.770145416259766,5663500,66.10906263711732,1.0768059996782497,0.8783382686555221
2023-06-20 00:00:00-04:00,61.07511153701912,61.18279385168631,60.81080141946367,60.91848373413086,11658700,63.10088170462895,0.9875952302599913,0.900189660976416
2023-06-21 00:00:00-04:00,61.486263124051064,61.8093063404264,61.36878946873143,61.64289093017578,6679600,68.63086549500983,0.9642335749272206,0.9129984437665769
2023-06-22 00:00:00-04:00,61.18279176951434,61.368786112145216,61.09468839999419,61.133846282958984,3493100,60.312578215614145,0.894334316698469,0.9092656183529554
2023-06-23 00:00:00-04:00,59.665462511550146,59.7437745474193,59.479464424545675,59.626304626464844,6295200,46.75034523874704,0.7091183632468017,0.8692361673317247
2023-06-26 00:00:00-04:00,59.645883569007495,59.76335348996195,59.54799259059569,59.626304626464844,4205700,47.76873907582499,0.5559250280553556,0.806573939476451
2023-06-27 00:00:00-04:00,59.68503647749482,59.90039735890408,59.49903840599906,59.8514518737793,4398900,41.847013884353146,0.44752689596116113,0.734764530773393
2023-06-28 00:00:00-04:00,60.370283978467654,60.66396437358312,60.252814061002276,60.51712417602539,4924500,55.07426148453521,0.41060162688179247,0.6699319499950729
2023-06-29 00:00:00-04:00,60.154920475419495,60.32133587341636,60.086396048679475,60.213653564453125,5542200,49.93644765410887,0.3527838701057888,0.6065023340172161
2023-06-30 00:00:00-04:00,60.36049634178444,60.72269743211467,60.31155085405895,60.59543991088867,6036300,47.88360470174903,0.3339206196965847,0.5519859911530899
2023-07-03 00:00:00-04:00,60.86954029565132,61.094692536491216,60.77164931591276,60.781436920166016,4219400,46.46739590834004,0.33017372487735486,0.5076235378979429
2023-07-05 00:00:00-04:00,60.38007557675611,60.389863180628176,60.203868832648155,60.28218460083008,6195000,36.15501162894713,0.28364906414743274,0.4628286431478409
2023-07-06 00:00:00-04:00,59.547990823687854,59.58714497330992,59.13684051109472,59.489253997802734,9312900,29.77307940035857,0.18071192784519496,0.40640530008731174
2023-07-07 00:00:00-04:00,59.78293269972431,60.615017222848294,59.78293269972431,60.340919494628906,6669900,37.48492751779366,0.16594290709487325,0.35831282148882404
2023-07-10 00:00:00-04:00,59.959134783885155,60.28218171069555,59.959134783885155,60.252811431884766,6002300,40.00002011259028,0.14545208632121387,0.315740674455302
2023-07-11 00:00:00-04:00,60.20386857325015,60.52691551415662,60.096186259614655,60.51712417602539,6165800,47.13287414556304,0.148825228138584,0.2823575851919584
2023-07-12 00:00:00-04:00,60.66396304763607,61.3002618431087,60.615013826652486,60.93806076049805,10371200,44.73682561367667,0.18335097586638227,0.26255626332684323
2023-07-13 00:00:00-04:00,61.799515664323614,61.90719797586313,61.71141229436413,61.84846115112305,10043100,55.0344693398635,0.2809361258925307,0.26623223583998074
2023-07-14 00:00:00-04:00,61.23173818312262,61.35899943753431,61.05553144141454,61.10447692871094,8611500,61.669172189658454,0.2948410077332255,0.2719539902186297
2023-07-17 00:00:00-04:00,60.91848166095389,61.20237071099674,60.810799349951346,61.133846282958984,9922700,61.846092788443386,0.30471798891328916,0.2785067899575616
2023-07-18 00:00:00-04:00,61.81909546608323,62.0442476959345,61.70162181496848,61.97572326660156,9943400,65.2173604131381,0.3761420727049014,0.2980338465070296
2023-07-19 00:00:00-04:00,62.014874509339485,62.12255681733022,61.84845911284555,61.98550796508789,6073400,61.609841195922705,0.4285951391137033,0.32414610502836433
2023-07-20 00:00:00-04:00,61.231736249420976,61.358997499813746,61.035950572116995,61.163211822509766,7279000,56.93847549271842,0.3992102978424228,0.33915894359117604
2023-07-21 00:00:00-04:00,61.19257938866295,61.261107551019386,60.98700610449742,61.094688415527344,7566200,53.8230587624945,0.36617232651341425,0.3445616201756237
2023-07-24 00:00:00-04:00,61.09469310197071,61.32963668353995,60.99680212132609,61.182796478271484,6047300,53.120240190938034,0.34314353544591114,0.3442780032296812
2023-07-25 00:00:00-04:00,61.02616483164033,61.319841489410805,61.02616483164033,61.2611083984375,5303100,58.14330004537824,0.3274376724239758,0.34090993706854017
2023-07-26 00:00:00-04:00,61.349208765582496,61.711413590971304,61.30026327775468,61.50584030151367,4351700,68.45876008598137,0.3309237985362401,0.3389127093620802
2023-07-27 00:00:00-04:00,62.18129554566406,62.44560565493162,61.90719783277973,62.005088806152344,13156000,66.28347942673457,0.36970997408214146,0.34507216230609244
2023-07-28 00:00:00-04:00,62.52391738443156,62.719703064531316,62.33792304220248,62.35750198364258,5952100,69.5810737912041,0.42399751638561867,0.3608572331219977
2023-07-31 00:00:00-04:00,61.98551356180421,62.30856051494456,61.96593461910163,62.083404541015625,9700000,64.5454706480422,0.4398332875376383,0.3766524440051258
2023-08-01 00:00:00-04:00,61.59394000549164,61.66246816968616,61.28068440189395,61.34920883178711,6392400,53.608244661619096,0.3886595669058934,0.37905386858527934
2023-08-02 00:00:00-04:00,60.61501453058048,60.75206712290434,60.154922469262104,60.1940803527832,11902000,36.0790869486505,0.2519900260128338,0.35364110007079025
2023-08-03 00:00:00-04:00,59.587146458499404,59.97871783889062,59.51862202707616,59.9004020690918,4987000,39.03744912765962,0.11861374170228345,0.3066356283970889
2023-08-04 00:00:00-04:00,60.49754525056021,60.9772199929851,60.40944187886181,60.47796630859375,5821200,44.5704931161299,0.05883842988987453,0.257076188695646
2023-08-07 00:00:00-04:00,60.967428199293124,61.045743966573774,60.80101279527372,60.98700714111328,4209400,41.33787584687531,0.05194264311658969,0.21604947957983478
2023-08-08 00:00:00-04:00,60.350709791882494,60.47796731533083,60.18429064954799,60.44860076904297,4519600,37.67663426651243,0.002998226156222472,0.17343922889511232
2023-08-09 00:00:00-04:00,60.22345092629015,60.272396416814566,59.831879533491666,59.91998291015625,4421300,39.53874904745978,-0.07755165309607293,0.12324105249687528
2023-08-10 00:00:00-04:00,60.62480779833826,60.8793265807243,60.1353454416485,60.174503326416016,7154400,42.492039827319495,-0.11947313038018592,0.07469821592146304
2023-08-11 00:00:00-04:00,60.18428906310718,60.340916863016126,60.01787365946075,60.07660675048828,5682800,40.98878745258705,-0.15876548894880926,0.028005474947408585
2023-08-14 00:00:00-04:00,59.29346920167856,59.587145866905566,59.185786886425,59.53820037841797,5623600,36.943603536515695,-0.23069060310420753,-0.02373374066291464
2023-08-15 00:00:00-04:00,59.185786489767366,59.185786489767366,58.80400645410078,58.90189743041992,9804200,31.372512634669746,-0.33517244505367216,-0.08602148154106615
2023-08-16 00:00:00-04:00,58.461382107725235,58.67674299440181,58.15791411764752,58.167701721191406,6043100,23.441719249148562,-0.47178012771546207,-0.16317321077594535
2023-08-17 00:00:00-04:00,58.43201493306901,58.4907517603568,57.83487399333297,57.9229736328125,7489700,18.844556316636655,-0.5929549957944857,-0.24912956777965342
2023-08-18 00:00:00-04:00,57.8250816002086,58.21665297304851,57.79571505425108,58.0698127746582,3962600,21.288506386371807,-0.669421584873902,-0.33318797119850313
2023-08-21 00:00:00-04:00,58.06980985500742,58.216650046014855,57.8544452373435,58.11875534057617,3872200,24.378837075055102,-0.7177983193800017,-0.4101100408348029
2023-08-22 00:00:00-04:00,58.73548348154875,58.745271085703024,58.35370343640692,58.40264892578125,5166200,33.513523381291165,-0.7248734997957129,-0.47306273262698495
2023-08-23 00:00:00-04:00,58.89210962934711,59.361993035848386,58.88232202546852,59.17599868774414,5227400,43.874179021664794,-0.6604643467477871,-0.5105430554511454
2023-08-24 00:00:00-04:00,58.86274474136318,59.00958120948617,58.38306998317122,58.40264892578125,5996800,33.01284453170666,-0.6641663947813754,-0.5412677233171914
2023-08-25 00:00:00-04:00,58.637591292086746,58.92147661831695,58.27538646273205,58.70611572265625,4403800,30.679960243347935,-0.6352898344326903,-0.5600721455402912
2023-08-28 00:00:00-04:00,59.2249430090015,59.45988657477441,59.20536406732865,59.40114974975586,3398800,41.357013937284414,-0.5499816686423529,-0.5580540501607035
2023-08-29 00:00:00-04:00,58.941055433424445,59.851455705372025,58.9214764912609,59.81229782104492,4342000,49.09387620941156,-0.44407905250843527,-0.5352590506302499
2023-08-30 00:00:00-04:00,59.69482520884019,59.86124434257061,59.567563957670025,59.70461654663086,4736900,45.94592103929341,-0.3646361466301826,-0.5011344698302365
2023-08-31 00:00:00-04:00,60.19408302635487,60.419235265149574,60.13534619846437,60.340919494628906,6259000,52.08657817802046,-0.24747994649631977,-0.45040356516345315
2023-09-01 00:00:00-04:00,61.2023701129356,61.2023701129356,60.49754316366186,60.732486724853516,5084100,59.651887709770364,-0.12163448419122602,-0.3846497489690077
2023-09-05 00:00:00-04:00,60.908696278423484,60.92827522061983,60.703119252512515,60.76185607910156,4909600,66.6666894551212,-0.019308609576953017,-0.3115815210905968
2023-09-06 00:00:00-04:00,61.12405702524019,61.231739339907385,60.7618559312426,60.91848373413086,5076100,77.4951709075491,0.07357579013260818,-0.2345500588459558
2023-09-07 00:00:00-04:00,60.938062676279564,60.99679950272568,60.75206832731894,60.91848373413086,5362900,81.48149929961377,0.14550999742490234,-0.1585380475917842
2023-09-08 00:00:00-04:00,60.37028323123591,60.50733582326739,60.23323437350573,60.31155014038086,5631100,71.4821828071766,0.15179411819607225,-0.09647161443421291
2023-09-11 00:00:00-04:00,60.84016876868609,61.0848999323022,60.76185300386435,61.00658416748047,6489500,74.62438579474079,0.21043203699401403,-0.03509088414856752
2023-09-12 00:00:00-04:00,60.8891171543865,61.153427271795785,60.8891171543865,60.99679946899414,3647200,73.20494945379525,0.2531947947257578,0.02256625162629754
2023-09-13 00:00:00-04:00,60.95764251067917,61.11427031586003,60.84996019443581,60.967430114746094,5859900,68.48487281767633,0.2814701146071883,0.07434702422247569
2023-09-14 00:00:00-04:00,61.85824861179216,62.0931921759082,61.73099109326802,62.005088806152344,5157200,85.24907618230003,0.3831916982776704,0.13611595903351464
2023-09-15 00:00:00-04:00,61.89740779127846,62.063826930659005,61.633097676475025,61.66246795654297,4669500,78.70728855975713,0.43118966103325107,0.19513069943346192
2023-09-18 00:00:00-04:00,61.66246682325575,61.838669828918285,61.48626008329194,61.809303283691406,4545200,76.17027345003387,0.4755944196480826,0.2512234434763861
2023-09-19 00:00:00-04:00,62.17150698819341,62.29876824671022,62.00509157915725,62.11277389526367,4046800,75.59921214385167,0.5291730751025341,0.3068133698016157
2023-09-20 00:00:00-04:00,61.701623349346974,61.96593346947596,61.26111021676677,61.28068542480469,8085700,65.10320746260909,0.49874276392507255,0.34519924862630713
2023-09-21 00:00:00-04:00,60.50733772816041,60.732489963562706,60.31155203911015,60.33113098144531,5039800,49.91151089457451,0.3934697410089356,0.35485334710283284
2023-09-22 00:00:00-04:00,60.673753898586355,60.85974825165431,60.46818060293733,60.4975471496582,6319700,47.785996431021076,0.3197822550943741,0.3478391287011411
2023-09-25 00:00:00-04:00,60.22344953760754,60.44860177626937,60.057030392500074,60.41923522949219,6078300,46.800750015672826,0.2521585473692127,0.3287030124347554
2023-09-26 00:00:00-04:00,59.81229720441752,59.95913740197964,59.44030851004914,59.489253997802734,8765700,38.338643230907714,0.12211687129741478,0.28738578420728733
2023-09-27 00:00:00-04:00,60.105975411016495,60.13534195573911,59.49903943520686,59.743770599365234,8211500,40.797499811732806,0.03914404063877441,0.23773743549358475
2023-09-28 00:00:00-04:00,59.430514963113865,59.96892277699552,59.410936021879834,59.861244201660156,8296900,46.179390165356395,-0.016938135228528495,0.1868023213491621
2023-09-29 00:00:00-04:00,59.53819608027369,59.58714156522785,58.85294808801208,59.01936721801758,9032600,33.5494167705084,-0.12784241262051665,0.12387337455522636
2023-10-02 00:00:00-04:00,58.73548243474567,58.79421926152892,58.314544511885885,58.51033020019531,6944400,30.988003255134274,-0.25388327624256135,0.048322044395668826
2023-10-03 00:00:00-04:00,57.54119402444722,58.22644207742518,57.188780526669895,57.49224853515625,15392600,26.91806020066889,-0.43095447570748036,-0.04753325962496102
2023-10-04 00:00:00-04:00,56.69931496498363,56.88531304181342,56.48395407739828,56.8657341003418,8756900,13.892693103261593,-0.6147526697953083,-0.1609771416590305
2023-10-05 00:00:00-04:00,57.82508072670166,58.06981189745435,57.61950743950171,57.98170852661133,6329000,26.67492122952052,-0.6627247745230136,-0.2613266682318271
2023-10-06 00:00:00-04:00,57.67823948437071,58.2068596998408,57.36498389023315,58.12854766845703,7078600,26.674956680487654,-0.681043674039671,-0.3452700693933959
2023-10-09 00:00:00-04:00,57.785926337305106,58.412437574827194,57.776138732975745,58.29496765136719,5133500,25.37879626554485,-0.6743592385679875,-0.41108790322831423
2023-10-10 00:00:00-04:00,58.87253081733003,59.27388979466359,58.81379772532599,59.058528900146484,5054700,35.54141777875074,-0.6005262708334982,-0.44897557674935107
2023-10-11 00:00:00-04:00,59.048734797598875,59.146625769223796,58.67674238368203,58.911685943603516,5427400,39.68703489677306,-0.5475502924086655,-0.46869051988121396
2023-10-12 00:00:00-04:00,59.52841230768567,59.52841230768567,58.85295187522823,59.058528900146484,6965100,39.51500469174564,-0.4880910387913815,-0.4725706236632475
2023-10-13 00:00:00-04:00,58.686538108867246,58.79422042628577,58.206863349721495,58.324337005615234,5528100,36.06773561919569,-0.494511876816901,-0.4769588742939782
2023-10-16 00:00:00-04:00,58.128550161857696,58.53969674643624,58.11875882357645,58.51033020019531,7738800,42.774580796223916,-0.4790699209807343,-0.4773810836313295
2023-10-17 00:00:00-04:00,58.16770418144431,58.88232250231405,58.16770418144431,58.62779998779297,5662900,41.59295951849581,-0.4521412269875711,-0.4723331123025778
2023-10-18 00:00:00-04:00,58.294964402855435,58.3439098903778,57.59992877085437,57.707611083984375,4984400,35.52633737850638,-0.4992960234279451,-0.4777256945276513
2023-10-19 00:00:00-04:00,57.68802963997156,57.97191868330983,57.18877597971444,57.28667068481445,7199200,37.65691900158808,-0.5641299724426077,-0.4950065501106426
2023-10-20 00:00:00-04:00,57.23772650409779,57.36498402217677,56.89510062988967,56.90489196777344,4356300,38.35227681581223,-0.6389522521189903,-0.5237956905123122
2023-10-23 00:00:00-04:00,56.54268918599784,57.13983385214508,56.38606138293474,56.767845153808594,6251500,43.97395604590885,-0.7012246985393489,-0.5592814921177196
2023-10-24 00:00:00-04:00,56.92447355099802,57.159413390894066,56.84615778149839,57.13004684448242,5974600,52.299854748811036,-0.7131289054697518,-0.5900509747881261
2023-10-25 00:00:00-04:00,57.2964595941954,57.34540881501174,56.85594648125835,56.90489196777344,6311500,38.911310438997106,-0.7322898109735547,-0.6184987420252118
2023-10-26 00:00:00-04:00,56.444797809718345,56.56226772760843,55.99449334588856,56.13154220581055,5833100,31.785738889364396,-0.8006484522972386,-0.6549286840796172
2023-10-27 00:00:00-04:00,56.99299653988457,57.00278414367363,56.46437631204369,56.60142517089844,4639600,35.36376943466392,-0.8075980521045452,-0.6854625576846028
2023-10-30 00:00:00-04:00,56.826579877044736,57.03215317428387,56.542690808875555,57.02236557006836,6445900,31.29497814696343,-0.7702602075513596,-0.7024220876579542
2023-10-31 00:00:00-04:00,57.49224356376015,57.785920208412996,57.306249226816945,57.7173957824707,6625300,40.032651855323245,-0.6767850108858369,-0.6972946723035308
2023-11-01 00:00:00-04:00,58.17749548600459,58.71590332660844,58.138337601593044,58.70611572265625,7375200,47.421199519205274,-0.5169645623053327,-0.6612286503038912
2023-11-02 00:00:00-04:00,59.264103507644506,59.7046203789702,59.09768436323193,59.665462493896484,7777800,59.50068748432622,-0.30932868993044593,-0.5908486582292022
2023-11-03 00:00:00-04:00,60.35070672049562,60.938060022169545,60.203866527926536,60.693328857421875,7668900,63.816591305489936,-0.061130861322105545,-0.4849050988477829
2023-11-06 00:00:00-05:00,60.14513424164661,60.18429212719277,59.79272447463568,59.910194396972656,5945300,57.48573983618181,0.07155051024485459,-0.3736139770292554
2023-11-07 00:00:00-05:00,59.15641859615613,59.43051631104692,59.01936973871073,59.36199188232422,5801700,60.095572330581184,0.13095650662599212,-0.2726998802982059
2023-11-08 00:00:00-05:00,58.60822031595857,58.71590262966145,58.255806829040544,58.3830680847168,6847800,56.26399741257638,0.09791649706844652,-0.19857660482487544
2023-11-09 00:00:00-05:00,59.224944655360034,59.28368148201137,58.60822104557586,58.62779998779297,6913000,60.00000885642321,0.09043736507281608,-0.14077381084533713
2023-11-10 00:00:00-05:00,58.833374690557726,59.195579528808594,58.56906830004162,59.195579528808594,4877800,63.41991816670476,0.12883997586867935,-0.08685105350253385
2023-11-13 00:00:00-05:00,58.872529702500124,59.27388867223341,58.78442633186105,59.16620635986328,4932600,61.6853619205285,0.15511607083995926,-0.03845762863403523
2023-11-14 00:00:00-05:00,59.7535661529298,60.38986498405359,59.73398721029963,60.340919494628906,5383200,67.78114949499256,0.2676443603191032,0.022762769156592463
2023-11-15 00:00:00-05:00,60.076604078360866,60.223444268001074,59.76334849247617,59.89060974121094,6442900,70.12573979301114,0.31683532632987976,0.08157728059124993
2023-11-16 00:00:00-05:00,60.01787555627393,60.203869907574834,59.91019324025183,60.096187591552734,5943000,69.25563241293642,0.3681639706524322,0.1388946186034864
2023-11-17 00:00:00-05:00,60.80101368505103,61.09469034804857,60.73248925482832,61.035953521728516,5164600,70.91832109149094,0.4791502024216996,0.20694573536712904
2023-11-20 00:00:00-05:00,60.78143193015542,61.1044751242128,60.742274047754165,61.04574203491211,7476200,68.68129185865264,0.5614256761994838,0.2778417235336
2023-11-21 00:00:00-05:00,61.09468961621879,61.2121595331504,60.69333064359289,60.791221618652344,4413800,62.75444820592372,0.5991848811248985,0.3421103550518597
2023-11-22 00:00:00-05:00,61.08490459009606,61.20237451198467,60.849961012017346,61.17300796508789,4539100,59.92266630510653,0.6523958769373905,0.40416745942896587
2023-11-24 00:00:00-05:00,61.1436375499204,61.31984429951798,61.09469206043251,61.29047775268555,1370400,54.46561477479224,0.6960215019898683,0.4625382679411464
2023-11-27 00:00:00-05:00,61.143636660217524,61.31984340725112,61.07511222907129,61.24153137207031,4047000,61.184154867290665,0.7183646992099426,0.5137035541949057
2023-11-28 00:00:00-05:00,60.92827477810355,61.41773712655319,60.830380067832806,61.23173904418945,4405400,67.26936793527778,0.726902406497743,0.5563433246554731
2023-11-29 00:00:00-05:00,61.163216626587975,61.35900231926999,61.006588819302664,61.17300796508789,4010400,81.04565119943493,0.7206226049687032,0.5891991807181192
2023-11-30 00:00:00-05:00,61.33942324217343,61.35900218482889,60.7129120144049,61.29047775268555,6671800,80.49316442512934,0.7168611183942701,0.6147315682533494
2023-12-01 00:00:00-05:00,61.05552982918343,61.88761802845534,61.0359508879216,61.87782669067383,4504400,80.58020783590236,0.7525987736140038,0.6423050093254803
2023-12-04 00:00:00-05:00,61.006585188713544,61.2317374148932,60.810799507683015,60.93806076049805,4531300,66.72827630120341,0.6970546540870828,0.6532549382778008
2023-12-05 00:00:00-05:00,60.76185518610717,60.93806192898328,60.66396421086549,60.71290969848633,3818100,54.27926722129141,0.6276327702620677,0.6481305046746542
2023-12-06 00:00:00-05:00,61.77014674930301,61.83867117919617,61.32963362407594,61.34920883178711,6475100,66.09075491627705,0.6168488004600547,0.6418741638317343
2023-12-07 00:00:00-05:00,61.437311846002814,62.20087564284038,61.173005466125915,61.819095611572266,8769600,67.95922165174737,0.6388540509916538,0.6412701412637183
2023-12-08 00:00:00-05:00,61.16321344958336,61.50583932755522,61.09468902084925,61.45689010620117,5921300,54.988390890646535,0.6199203573786392,0.6370001844867025
2023-12-11 00:00:00-05:00,61.652675485312606,61.868040108446436,61.60372999850072,61.809303283691406,5440800,58.369103019204,0.6261343795912637,0.6348270235076148
2023-12-12 00:00:00-05:00,61.456892727820474,61.74078179285835,61.31005626039848,61.7212028503418,3133900,60.579108659030965,0.6168395261904607,0.631229524044184
2023-12-13 00:00:00-05:00,61.63309866527714,62.70013047973276,61.447104315269115,62.660972595214844,5657400,65.01978065308116,0.6774951104253972,0.6404826413204266
2023-12-14 00:00:00-05:00,62.18129713864484,62.58265611463671,62.09319376663192,62.37708282470703,12694800,60.61185425711768,0.6946500723874678,0.6513161275338349
2023-12-15 00:00:00-05:00,62.337922489787424,62.37708037232062,61.7897233372263,61.83866882324219,7283200,55.32280397272088,0.6572239248347742,0.6524976869940229
2023-12-18 00:00:00-05:00,61.84846410954868,61.89740959868934,61.5352084978867,61.7212028503418,5017600,54.280841341630556,0.6110412082605805,0.6442063912473345
2023-12-19 00:00:00-05:00,62.00509083619669,62.240034408004774,61.760359660451414,61.90719985961914,5975500,56.281396538939546,0.5827321038982447,0.6319115337775165
2023-12-20 00:00:00-05:00,62.269517755166454,62.31914996308302,61.48531599532257,61.59450912475586,11485200,52.51706678659316,0.5289677942361166,0.6113227858692366
2023-12-21 00:00:00-05:00,62.269518771688645,62.69636258278969,62.25959384462121,62.66658401489258,5742800,56.04492884122882,0.5663382802469457,0.6023258847447784
2023-12-22 00:00:00-05:00,62.845262478718396,63.13313080164379,62.7261406347202,62.865116119384766,4500000,66.66169728553052,0.6050004724343196,0.6028608022826867
2023-12-26 00:00:00-05:00,62.64673180866611,62.9544537818359,62.59709959880275,62.84526443481445,3942900,69.11537398812146,0.6268131613056127,0.6076512740872719
2023-12-27 00:00:00-05:00,62.93460204738127,63.2323990843611,62.92467333368823,63.192691802978516,4275100,67.42844448163092,0.6644747086075355,0.6190159609913247
2023-12-28 00:00:00-05:00,63.589754181677826,63.7882905914786,63.520272118289796,63.56990432739258,4144200,66.84751327350467,0.7165002851237574,0.6385128258178113
2023-12-29 00:00:00-05:00,63.63939181075172,63.808142083371024,63.49049139292709,63.66917037963867,7236500,72.42279520934376,0.7570144784695074,0.6622131563481506
2024-01-02 00:00:00-05:00,63.10335449277075,63.48056610554443,62.974307717167534,63.09342956542969,6828000,62.451691464555,0.7342013800602487,0.6766108010905703
2024-01-03 00:00:00-05:00,62.8353340579388,63.03386667883314,62.517683379185776,62.745994567871094,7952800,59.46118611463883,0.6802452902755576,0.6773376989275678
2024-01-04 00:00:00-05:00,62.58717059025634,62.9842358406843,62.54746330787457,62.59709930419922,3649500,49.30946198741657,0.6183422326268229,0.6655386056674188
2024-01-05 00:00:00-05:00,63.09342676326996,63.718803185439356,62.994158560793615,63.06364440917969,6507200,57.14045402969205,0.6000133242380556,0.6524335493815462
2024-01-08 00:00:00-05:00,63.212547146602006,64.00667764886829,63.103354013205646,63.986820220947266,5785500,70.68589182688245,0.6524589641971161,0.6524386323446602
2024-01-09 00:00:00-05:00,63.569903286612885,63.76843211977364,63.500417437667664,63.59968185424805,5218800,67.19594419992373,0.6552305905913514,0.6529970239939984
2024-01-10 00:00:00-05:00,64.7511701687341,64.92984914759425,64.64197703868682,64.74124145507812,11832800,72.08041747086317,0.74099966101668,0.6705975513985347
2024-01-11 00:00:00-05:00,65.3070573702659,65.41625050100042,64.78094914403022,65.31698608398438,9210400,77.86035234819809,0.8456815565502183,0.7056143524288715
2024-01-12 00:00:00-05:00,66.05155305703316,66.29971789077311,65.84309550549837,65.9423599243164,9226300,76.27389655600763,0.9679472618915881,0.7580809343214149
2024-01-16 00:00:00-05:00,66.02177099340724,66.09125684024012,65.30705509833226,65.4559555053711,11987500,69.86300648731928,1.013907251039285,0.809246197664989
2024-01-17 00:00:00-05:00,64.473217568509,64.66182525625216,64.27468874075045,64.64197540283203,10639400,62.27949561454965,0.9734284052853397,0.8420826391890591
2024-01-18 00:00:00-05:00,64.90998946651467,65.26734741182699,64.87028218665894,65.24749755859375,11142900,63.56487634961272,0.9789247704074242,0.8694510654327322
2024-01-19 00:00:00-05:00,65.07874402187163,65.41625213623047,64.80080061792302,65.41625213623047,11184400,62.533696631139655,0.9855371051674595,0.8926682733796777
2024-01-22 00:00:00-05:00,66.07139939994987,66.35927150059545,66.00191355313122,66.19052124023438,8696500,65.67899196262985,1.0412515739721542,0.9223849334981731
2024-01-23 00:00:00-05:00,65.41625064830465,65.64455805061671,65.30705751732424,65.60485076904297,7538600,65.59798178718356,1.0263162447187142,0.9431711957422814
2024-01-24 00:00:00-05:00,65.84309426254107,66.0714016641737,65.63463671494144,65.68426513671875,15995500,68.87754751921699,1.0092539135829668,0.9563877393104185
2024-01-25 00:00:00-05:00,65.73390466101121,65.73390466101121,65.23757497625381,65.43610382080078,11018600,68.01007093406848,0.9645881769380367,0.9580278268359422
2024-01-26 00:00:00-05:00,64.91992474703046,65.138311021634,64.83058146496992,64.90999603271484,6299800,61.62503038297439,0.8766324836288817,0.9417487581945302
2024-01-29 00:00:00-05:00,65.38647188588624,65.8033869810855,65.26735004151949,65.68426513671875,8571500,60.89171170050956,0.8594962708584433,0.9252982607273128
2024-01-30 00:00:00-05:00,65.53536536719477,65.58500136284833,65.32690781755119,65.44602966308594,8448000,62.07794722634102,0.817271094627614,0.9036928275073731
2024-01-31 00:00:00-05:00,66.06148426001964,66.41884223994101,65.58500442899448,65.7239761352539,11841400,57.24746215885012,0.7970474290399068,0.8823637478138799
2024-02-01 00:00:00-05:00,66.05155650271962,66.44862177209505,65.80339165603375,66.42876434326172,8340200,58.045989069783104,0.8283419363659448,0.871559385524293
2024-02-02 00:00:00-05:00,65.80338802720944,66.04162414634077,65.5949304762958,66.02177429199219,8473400,50.59348483759988,0.8109541880287736,0.8594383460251892
2024-02-05 00:00:00-05:00,65.77361030187859,65.92251071826496,65.43610218651017,65.7041244506836,9790800,51.90262277438526,0.7627500766285493,0.8401006921458612
2024-02-06 00:00:00-05:00,65.32690432163568,65.6941909790039,65.3169831817476,65.6941909790039,9294500,59.20136850307967,0.7154986004216966,0.8151802738010283
2024-02-07 00:00:00-05:00,66.03169622085704,66.1508180685398,65.92251066055172,66.07140350341797,9171300,57.50451350716533,0.7004154104644869,0.7922273011337201
2024-02-08 00:00:00-05:00,65.81331322589968,65.91257763912007,65.47580513288318,65.90264892578125,6381900,54.43032520878879,0.6671542507667141,0.767212691060319
2024-02-09 00:00:00-05:00,65.86294861303391,66.16074945758683,65.79346275909023,66.1408920288086,7062200,49.499036579186104,0.6524971879884021,0.7442695904459357
2024-02-12 00:00:00-05:00,66.29971458038071,66.70670094923047,66.27985715357478,66.4783935546875,4820800,59.28272265740911,0.6605010675001353,0.7275158858567756
2024-02-13 00:00:00-05:00,66.65707789836316,66.75634232022081,66.02177651040623,66.25008392333984,6513600,55.828252679426065,0.6410321014545275,0.710219128976326
2024-02-14 00:00:00-05:00,66.29972114915779,66.52802856632077,66.16074944130465,66.5081787109375,7384000,61.02042384858024,0.6390621868800963,0.6959877405570801
2024-02-15 00:00:00-05:00,66.70670585239182,67.20303553157149,66.67692728338342,67.14347839355469,8261900,72.45505491285586,0.6809152235119882,0.6929732371480618
2024-02-16 00:00:00-05:00,67.08391650150797,67.44127445106368,66.9350160936282,67.133544921875,12440400,67.21687681721616,0.7051539328358842,0.6954093762856264
2024-02-20 00:00:00-05:00,67.48098670542285,67.58025112686305,67.1732571535514,67.43135070800781,6052000,73.25568925208589,0.7398650192873077,0.7043005048859627
2024-02-21 00:00:00-05:00,67.28244494385437,67.48098134435179,67.07398740337405,67.29237365722656,5552400,68.99019142336138,0.7475423163674151,0.7129488671822533
2024-02-22 00:00:00-05:00,68.2751042339068,68.4637119210534,68.13613254023753,68.39422607421875,8163300,71.7103344822646,0.8329353508612627,0.7369461639180552
2024-02-23 00:00:00-05:00,68.49349688384405,68.71188315811465,68.46371831433261,68.50342559814453,6588200,79.34249007258157,0.899057657847834,0.769368462704011
2024-02-26 00:00:00-05:00,68.76150680684225,68.76150680684225,68.39422771052467,68.49349212646484,7376300,85.56913258357007,0.9398247991096014,0.8034597299851292
2024-02-27 00:00:00-05:00,68.57290812836234,68.75158711016206,68.53320084647467,68.67217254638672,8569600,86.40744098586347,0.97530832164054,0.8378294483162114
2024-02-28 00:00:00-05:00,68.1659164428711,68.32474557571987,68.0865018764467,68.1659164428711,7659000,74.82331835969995,0.951609075233165,0.8605853736996022
2024-02-29 00:00:00-05:00,68.74166048268502,68.87070347269426,68.31481665617463,68.61261749267578,7563900,80.13226943195063,0.9578310134997423,0.8800345016596303
2024-03-01 00:00:00-05:00,69.45637797950442,69.8832218155276,69.3074775579354,69.81373596191406,8224400,83.63617562104446,1.0476060166563883,0.9135488046589819
2024-03-04 00:00:00-05:00,69.48615284497205,69.5854172629298,69.31740257710491,69.40673828125,6406600,76.48092085473246,1.073536976037758,0.9455464389347372
2024-03-05 00:00:00-05:00,70.10160147411425,70.25049430823985,69.65490025156943,69.78395080566406,9841700,81.11859829220609,1.1117102427309646,0.9787791996939827
2024-03-06 00:00:00-05:00,70.81631371165508,71.11411454314253,70.64756344139408,70.84609985351562,8644200,83.46068378482717,1.2136788487410826,1.0257591295034028
2024-03-07 00:00:00-05:00,70.72697899060988,70.90565797731122,70.60785714167903,70.81631469726562,6776600,81.24965920509752,1.2773616603730602,1.0760796356773343
2024-03-08 00:00:00-05:00,71.15382327161467,71.23323783807722,70.58800773900134,70.6574935913086,8612300,79.24201004592459,1.3000292831380307,1.1208695651694738
2024-03-11 00:00:00-04:00,69.29754599220462,69.37696055689243,68.93026688395551,69.0890884399414,18476800,61.360454160928484,1.177858727267747,1.1322673975891284
2024-03-12 00:00:00-04:00,69.06923573071752,69.52585809871486,68.82107090636748,69.46630096435547,9823900,64.42682263687814,1.0988091913993543,1.1255757563511737
2024-03-13 00:00:00-04:00,68.69202097073659,68.99975050561295,68.5729067009427,68.86077880859375,8687100,53.314529032481865,0.976049990571056,1.0956706031951502
2024-03-14 00:00:00-04:00,69.1585699444343,69.20820593759225,68.314811074474,68.55304718017578,10113800,50.34285497403285,0.8441996606970719,1.0453764146955347
2024-03-15 00:00:00-04:00,68.93026792356432,69.12879676488834,68.76151007771007,69.05931091308594,11684600,53.65853658536585,0.7716633221311184,0.9906337961826515
2024-03-18 00:00:00-04:00,69.98248538347345,70.19094294176637,69.77402782518053,70.13138580322266,17599700,58.45798029469513,0.791560617087427,0.9508191603636066
2024-03-19 00:00:00-04:00,70.07181940283404,70.53837050589088,69.98248369717112,70.39939880371094,7411300,63.31354434513062,0.8195089864843084,0.924557125587747
2024-03-20 00:00:00-04:00,70.49866464824926,70.99499432989205,70.33984308828633,70.94536590576172,7308500,63.74262434783233,0.8756196545630246,0.9147696313828027
2024-03-21 00:00:00-04:00,71.1538187069933,71.40198353122621,71.13396885334602,71.30271911621094,10859900,59.74018066576833,0.938109241446142,0.9194375533954706
2024-03-22 00:00:00-04:00,71.51117953978829,71.54095810815322,71.21337870935946,71.29279327392578,5768000,63.01367122725191,0.9755858107996715,0.9306672048763108
2024-03-25 00:00:00-04:00,70.40933018973276,70.6574950349562,70.36962290569019,70.46888732910156,10403300,54.45161123970352,0.9281053175630518,0.9301548274136591
2024-03-26 00:00:00-04:00,70.95529030558762,71.05455472120254,70.75675390096835,70.776611328125,7997800,49.499268804908354,0.9048765855469014,0.9250991790403076
2024-03-27 00:00:00-04:00,70.96521348096061,71.08433532714844,70.7567559301742,71.08433532714844,8787000,51.8569616238503,0.900913236048396,0.9202619904419254
2024-03-28 00:00:00-04:00,70.5383684296827,70.99499080531807,70.5383684296827,70.82624053955078,11319700,51.15328622438764,0.8669524722050426,0.9096000867945488
2024-04-01 00:00:00-04:00,69.75417040687171,69.89314968581046,69.55564156277056,69.76409912109375,8227900,54.95627720420591,0.7457360059299987,0.8768272706216389
2024-04-02 00:00:00-04:00,69.36703099938897,69.42659570887533,69.05930903170307,69.40673828125,10632000,49.56138133137368,0.613760006599577,0.8242138178172266
2024-04-03 00:00:00-04:00,69.35710863596053,70.0023311280032,69.35710863596053,69.88321685791016,11686900,57.675086679976495,0.5413752781215635,0.767646109878094
2024-04-04 00:00:00-04:00,70.27035819378918,70.27035819378918,69.1188696814525,69.15857696533203,11481200,54.2777497509928,0.42068804610980237,0.6982544971244358
2024-04-05 00:00:00-04:00,69.20820865788696,69.53578804947101,69.08908681365924,69.35710906982422,11909900,52.199416464096984,0.3371756755631026,0.6260387328121692
2024-04-08 00:00:00-04:00,69.77402228523552,69.99240854040951,69.6747578710808,69.70453643798828,6555400,46.469569694889245,0.2956183015061242,0.5599546465509602
2024-04-09 00:00:00-04:00,70.30013175442993,70.30013175442993,69.68468025823329,69.96263122558594,7474900,46.381600570368164,0.2802789937597936,0.5040195159927269
2024-04-10 00:00:00-04:00,68.97989778790466,69.1685054924746,68.60268995215478,68.8707046508789,9035000,34.238281159433726,0.17796170117553345,0.4388079530292882
2024-04-11 00:00:00-04:00,69.44644823744551,69.595348656811,68.76151085239822,69.47622680664062,8337200,36.62791736859274,0.14407428834348934,0.37986122009212847
2024-04-12 00:00:00-04:00,69.04937681819823,69.14864880451412,68.4835613337882,68.55304718017578,7815300,32.307672600501746,0.04223848998680069,0.3123366740710629
2024-04-15 00:00:00-04:00,69.12879888548767,69.30747787751639,68.15599693041248,68.26518249511719,8202700,34.71074467657141,-0.060992306849897204,0.2376708778868709
2024-04-16 00:00:00-04:00,67.45119703923112,67.62987601784508,67.13354636318292,67.31222534179688,8224500,27.93931031802326,-0.21719544131046575,0.14669761404740359
2024-04-17 00:00:00-04:00,66.84567612578148,66.93501940428406,66.34934645722633,66.5975112915039,9147300,22.836542680701882,-0.3941158789731958,0.03853491544328372
2024-04-18 00:00:00-04:00,66.68685128941893,66.9250873980565,66.31956462633607,66.39897918701172,7985400,23.002434149555043,-0.5440747273126192,-0.07798701310789687
2024-04-19 00:00:00-04:00,66.23022995015435,66.36920164679186,65.86294328138985,66.00191497802734,8553700,25.032935541525106,-0.6870382094654701,-0.19979725237941154
2024-04-22 00:00:00-04:00,66.33942512078593,66.87546207004927,66.23023198815508,66.67692565917969,6622900,32.61696318392491,-0.7373701344851611,-0.30731182880056146
2024-04-23 00:00:00-04:00,66.4386920034304,66.9250929746673,66.41884214830216,66.8258285522461,7323800,29.68342198707407,-0.7565226069541495,-0.3971539844312791
2024-04-24 00:00:00-04:00,67.28245114262711,67.28245114262711,66.83575745378504,67.11370086669922,6188300,35.574271302258595,-0.7399425918443683,-0.46571170591389693
2024-04-25 00:00:00-04:00,65.51551669434463,66.18059663711306,65.35668756410094,66.07140350341797,5284800,29.28663498720637,-0.8016663857170414,-0.5329026418745259
2024-04-26 00:00:00-04:00,66.29971414107321,66.71662922056342,66.29971414107321,66.63721466064453,7598400,31.181497167207766,-0.7957537514428878,-0.5854728637881983
2024-04-29 00:00:00-04:00,67.12363016687786,67.48098815042675,66.97472974483415,67.24274444580078,6871000,33.99536517850167,-0.7337485565268338,-0.6151280023359255
2024-04-30 00:00:00-04:00,67.48098652051667,67.61002951069634,66.77619171142578,66.77619171142578,6198000,36.696117560628586,-0.7140250628928584,-0.634907414447312
2024-05-01 00:00:00-04:00,66.84567801836991,67.42142226780835,66.52802732443661,66.61737060546875,7950900,30.748727939302768,-0.7031046354452286,-0.6485468586468953
2024-05-02 00:00:00-04:00,67.84826249445909,68.07657746862469,67.44127611449808,67.9673843383789,6796000,46.27058697785594,-0.5788427533615703,-0.6346060375898304
2024-05-03 00:00:00-04:00,68.68210106430467,68.85085133180374,68.25525725196667,68.7515869140625,6222500,52.91320074646371,-0.4123326089011954,-0.5901513518521034
2024-05-06 00:00:00-04:00,68.96004811932434,69.21814167784636,68.9203408354448,69.15857696533203,3575500,61.8320759975163,-0.2447105530671223,-0.5210631920951072
2024-05-07 00:00:00-04:00,68.5133451070429,68.62253824157717,68.29496641136416,68.40415954589844,6954800,61.51902625723706,-0.1707754538577433,-0.45100564444763447
2024-05-08 00:00:00-04:00,67.23282062971195,67.60009973963082,67.22289191573341,67.54054260253906,7164900,56.70947219075857,-0.17979545475816394,-0.3967636065097404
2024-05-09 00:00:00-04:00,67.2228892090094,67.83833312988281,67.18318192808378,67.83833312988281,6728900,60.920881536000344,-0.1610580862765687,-0.3496225024631061
2024-05-10 00:00:00-04:00,67.73906686198053,67.76884542851312,67.33208049705331,67.4511947631836,4261900,54.76769216169516,-0.17542522470971278,-0.3147830469124275
2024-05-13 00:00:00-04:00,67.32215345889813,67.40156802055387,67.07398863376604,67.18318176269531,4876900,52.16865093512336,-0.20606233634489968,-0.2930389047989219
2024-05-14 00:00:00-04:00,67.47105344071453,67.71921826427261,67.38171016607113,67.70928955078125,4711800,53.512843150754584,-0.18574877021353586,-0.2715808778818447
2024-05-15 00:00:00-04:00,68.10635663808166,68.47364331337114,67.8978990894221,68.46371459960938,9293500,64.60608996604265,-0.10753473279424952,-0.2387716488643257
2024-05-16 00:00:00-04:00,68.4240110569516,68.4240110569516,67.7490023786681,67.76885223388672,7235000,56.80194805194806,-0.10046107757702316,-0.2111095346068652
2024-05-17 00:00:00-04:00,68.26517883461855,68.43393667660054,68.08649985217092,68.22547912597656,4290300,56.01459839018008,-0.05734810756688091,-0.18035724919886836
2024-05-20 00:00:00-04:00,68.5927616928155,68.93026982042186,68.5729118374928,68.71188354492188,4019700,61.81823263353533,0.01588489218674738,-0.14110882092174523
2024-05-21 00:00:00-04:00,68.38429755357345,68.5133405342331,68.12620401886483,68.31481170654297,3046500,60.070629792881434,0.041404903266212045,-0.10460607608415379
2024-05-22 00:00:00-04:00,67.60009785140484,67.76884811737776,67.40156901771783,67.52068328857422,4191700,47.162648337035705,-0.002421912315938357,-0.0841692433305107
2024-05-23 00:00:00-04:00,68.1758448336332,68.20562340255363,67.0938421980555,67.22289276123047,4825800,39.65054332723496,-0.060486930553693696,-0.0794327807751473
2024-05-24 00:00:00-04:00,67.84826536123425,68.06665163095323,67.77877950935911,67.95745849609375,3952800,42.21363406607429,-0.046692320060813586,-0.07288468863228056
2024-05-28 00:00:00-04:00,68.57291185269996,68.61261913674423,68.1559967303203,68.34459686279297,3374000,49.59457340106542,-0.004469637914468194,-0.059201678488718094
2024-05-29 00:00:00-04:00,67.28244577374794,67.33208176783185,66.90523796823412,66.97472381591797,6813000,46.39694744011916,-0.08061587486774613,-0.06348451776452371
2024-05-30 00:00:00-04:00,67.56039428710938,67.75893070510925,67.36186544249946,67.56039428710938,4101600,48.29272041855766,-0.09263575654672707,-0.06931476552096438
2024-05-31 00:00:00-04:00,68.44385717208584,68.54312916292433,67.93760637107957,68.46371459960938,5484300,55.84866014019544,-0.028937624596679257,-0.06123933733610736
2024-06-03 00:00:00-04:00,68.93026361591056,69.06923531083059,68.64239151260782,68.89055633544922,6184600,59.68467435304667,0.055348145739984034,-0.03792184072088908
2024-06-04 00:00:00-04:00,69.03945655039033,69.18834938496649,68.75158444789417,68.969970703125,3651300,57.532630458011646,0.1270883068640387,-0.004919811203903524
2024-06-05 00:00:00-04:00,68.50342390625919,68.79129602674334,68.1956943576645,68.77143859863281,5379900,51.969498987271066,0.1660093671371925,0.02926602446431568
2024-06-06 00:00:00-04:00,68.72180645996856,68.75158502713468,68.48356277586078,68.73172760009766,4391900,56.72672461395126,0.19144340174570118,0.06170149992059278
2024-06-07 00:00:00-04:00,68.26517883461855,68.53320109498485,68.12620713420257,68.22547912597656,3652800,50.0,0.16880416708747248,0.08312203335396873
2024-06-10 00:00:00-04:00,68.51334297270041,68.92033692935667,68.48356440482597,68.83099365234375,3371300,50.81294716780704,0.19744633386501675,0.10598689345617833
2024-06-11 00:00:00-04:00,68.18000030517578,68.20999908447266,67.83000183105469,68.05999755859375,3848000,48.34530791570924,0.15613271535609385,0.11601605783616144
2024-06-12 00:00:00-04:00,68.79000091552734,69.0199966430664,68.30999755859375,68.38999938964844,5941300,56.00719959257139,0.1483101379149332,0.1224748738519158
2024-06-13 00:00:00-04:00,67.43000030517578,67.43000030517578,66.9000015258789,67.1500015258789,4839200,49.55433610353359,0.04157398539776125,0.10629469616108489
2024-06-14 00:00:00-04:00,67.06999969482422,67.25,66.8499984741211,67.12999725341797,4767000,44.456438958317364,-0.04412076535072629,0.07621160385872267
2024-06-17 00:00:00-04:00,66.13999938964844,66.69000244140625,66.05000305175781,66.61000061035156,4484500,38.58235766176295,-0.15223894028032703,0.03052149503091273
2024-06-18 00:00:00-04:00,66.38999938964844,66.68000030517578,66.37000274658203,66.66000366210938,8101100,47.49277023634854,-0.23122314795924126,-0.021827433567118068
2024-06-20 00:00:00-04:00,66.44999694824219,66.61000061035156,66.20999908447266,66.4800033569336,4028300,40.79826477739844,-0.3048293390270089,-0.07842781465909625
2024-06-21 00:00:00-04:00,66.12000274658203,66.1500015258789,65.93000030517578,66.01000213623047,4106800,27.436145328923644,-0.3965171434920194,-0.1420456804256809
2024-06-24 00:00:00-04:00,66.63999938964844,66.87000274658203,66.5,66.51000213623047,3009800,28.39952814906502,-0.42394756415842494,-0.19842605717222972
2024-06-25 00:00:00-04:00,67.44000244140625,67.66000366210938,67.2699966430664,67.55999755859375,5500200,39.12226096496907,-0.3568470046155596,-0.23011024666089572
2024-06-26 00:00:00-04:00,67.33000183105469,67.51000213623047,67.22000122070312,67.30999755859375,3634200,38.81402530179019,-0.32015172856783636,-0.24811854304228387
2024-06-27 00:00:00-04:00,67.55999755859375,67.83999633789062,67.5,67.6500015258789,3628500,42.08427126880337,-0.26063059206818195,-0.2506209528474635
2024-06-28 00:00:00-04:00,68.20999908447266,68.62000274658203,67.97000122070312,68.23999786376953,4208000,50.10495708507205,-0.16396183888693372,-0.23328913005535756
2024-07-01 00:00:00-04:00,68.1500015258789,68.30000305175781,67.69000244140625,67.79000091552734,5401100,42.301481532470376,-0.12225289321852983,-0.21108188268799202
2024-07-02 00:00:00-04:00,68.5,68.9000015258789,68.38999938964844,68.86000061035156,5328600,55.665745951880766,-0.0028256479570956117,-0.16943063574181275
2024-07-03 00:00:00-04:00,69.2300033569336,69.5,69.1500015258789,69.48999786376953,2933800,57.47282284757056,0.14103109886463017,-0.10733828882052417
2024-07-05 00:00:00-04:00,70.0,70.0,69.58000183105469,69.95999908447266,6710100,71.32017541828554,0.28962515915010556,-0.02794559922639822
2024-07-08 00:00:00-04:00,69.81999969482422,69.98999786376953,69.58000183105469,69.62000274658203,3454200,68.01743612165538,0.3756222203494417,0.052767964688769764
2024-07-09 00:00:00-04:00,70.06999969482422,70.12000274658203,69.83000183105469,70.0,8444100,75.03696374397649,0.46903141135834403,0.13602065402268462
2024-07-10 00:00:00-04:00,71.0199966430664,71.37999725341797,70.98999786376953,71.27999877929688,7060700,78.87502455716049,0.6389783278891912,0.23661218879598594
2024-07-11 00:00:00-04:00,71.43000030517578,71.58999633789062,70.97000122070312,71.01000213623047,6523300,77.99758574837085,0.7433076234121643,0.3379512757192216
2024-07-12 00:00:00-04:00,71.0999984741211,71.66000366210938,71.08999633789062,71.4000015258789,9138800,83.64552655340971,0.8476874202364542,0.43989850462266816
2024-07-15 00:00:00-04:00,71.5,71.5,70.98999786376953,71.05999755859375,10546400,78.9809245290904,0.8926833842300397,0.5304554805441425
2024-07-16 00:00:00-04:00,71.31999969482422,71.95999908447266,71.2300033569336,71.9000015258789,6357900,78.40319795803629,0.9847724658405781,0.6213188776034296
2024-07-17 00:00:00-04:00,71.48999786376953,71.7300033569336,71.33999633789062,71.4800033569336,5174600,76.69661443960022,1.0121954255245385,0.6994941871876514
2024-07-18 00:00:00-04:00,71.29000091552734,71.33999633789062,70.23999786376953,70.4000015258789,8310500,66.08189430551887,0.9359916675229982,0.7467936832547208
2024-07-19 00:00:00-04:00,70.22000122070312,70.31999969482422,69.88999938964844,69.95999908447266,3713400,60.23810994328813,0.8305213869535208,0.7635392239944809
2024-07-22 00:00:00-04:00,70.25,70.38999938964844,70.01000213623047,70.30000305175781,2190700,65.1387325635223,0.7655461686616576,0.7639406129279164
2024-07-23 00:00:00-04:00,70.12999725341797,70.41999816894531,70.01000213623047,70.23999786376953,2688600,59.477994770515764,0.7011287470987497,0.7513782397620831
2024-07-24 00:00:00-04:00,69.79000091552734,69.83999633789062,68.86000061035156,68.86000061035156,3129800,46.07723069351426,0.5325839350933563,0.7076193788283378
2024-07-25 00:00:00-04:00,67.69999694824219,68.47000122070312,67.41999816894531,67.77999877929688,7596400,37.38426774208076,0.3083098316421058,0.6277574693910914
2024-07-26 00:00:00-04:00,68.30999755859375,68.83999633789062,68.23999786376953,68.69000244140625,4355600,44.95114627125314,0.2016758850990925,0.5425411525326918
2024-07-29 00:00:00-04:00,68.9000015258789,69.0,68.58000183105469,68.8499984741211,5189700,43.60400529898442,0.12859568588623915,0.45975205920340123
2024-07-30 00:00:00-04:00,69.05000305175781,69.18000030517578,68.6500015258789,68.94000244140625,6537000,35.00005868751248,0.07705344530761238,0.38321233642424346
2024-07-31 00:00:00-04:00,71.0,71.19000244140625,70.51000213623047,70.97000122070312,7563800,49.79079063821026,0.1977304706066576,0.3461159632607263
2024-08-01 00:00:00-04:00,68.62000274658203,68.83000183105469,67.0199966430664,67.55000305175781,9297500,34.71011677985504,0.01720429210050156,0.28033362902868136
2024-08-02 00:00:00-04:00,65.12000274658203,65.33000183105469,63.84000015258789,64.6500015258789,13888800,28.844921019487415,-0.3557688104129113,0.15311314114036284
2024-08-05 00:00:00-04:00,60.77000045776367,63.869998931884766,60.619998931884766,63.43000030517578,28253800,22.73022033357077,-0.7412518934021506,-0.025759865768139836
2024-08-06 00:00:00-04:00,62.459999084472656,63.630001068115234,61.970001220703125,63.119998931884766,17198200,22.8923635634972,-1.0595506931188936,-0.2325180312382906
2024-08-07 00:00:00-04:00,65.68000030517578,65.91999816894531,64.12000274658203,64.16999816894531,14686500,29.759592504461637,-1.2130948199335165,-0.4286333889773358
2024-08-08 00:00:00-04:00,65.26000213623047,65.70999908447266,64.62000274658203,65.52999877929688,8481100,36.41938435371922,-1.2110784054162735,-0.5851223922651234
2024-08-09 00:00:00-04:00,64.87000274658203,65.41000366210938,64.69000244140625,65.37000274658203,8193000,34.71792060512952,-1.2084603464479073,-0.7097899831016803
2024-08-12 00:00:00-04:00,65.4000015258789,66.08000183105469,65.33000183105469,65.7300033569336,7620800,36.27512348427894,-1.1639195353597813,-0.8006158935533005
2024-08-13 00:00:00-04:00,67.0,67.70999908447266,66.94000244140625,67.61000061035156,8950200,46.30832847764967,-0.9657875573359149,-0.8336502263098234
2024-08-14 00:00:00-04:00,67.51000213623047,67.7699966430664,67.12999725341797,67.70999908447266,5515200,49.7805651780017,-0.791572738357857,-0.8252347287194302
2024-08-15 00:00:00-04:00,68.61000061035156,69.19999694824219,68.56999969482422,69.01000213623047,5031400,50.97919145208795,-0.5423549274700719,-0.7686587684695585
2024-08-16 00:00:00-04:00,69.16999816894531,69.56999969482422,69.08000183105469,69.37000274658203,6661600,51.57195962417623,-0.312200127487543,-0.6773670402731554
2024-08-19 00:00:00-04:00,69.87000274658203,70.45999908447266,69.8499984741211,70.36000061035156,5268800,54.07109687890301,-0.04934739047702408,-0.5517631103139292
2024-08-20 00:00:00-04:00,70.11000061035156,70.43000030517578,69.91000366210938,70.0199966430664,6518700,46.98411245194692,0.13003090341419465,-0.4154043075683045
2024-08-21 00:00:00-04:00,70.87999725341797,71.0199966430664,70.52999877929688,70.83000183105469,7388200,62.48096281281807,0.33370341757402855,-0.2655827625398379
2024-08-22 00:00:00-04:00,71.25,71.30999755859375,70.19000244140625,70.30999755859375,7426000,76.30107293581105,0.44799118992374076,-0.1228679720471222
2024-08-23 00:00:00-04:00,71.19000244140625,72.04000091552734,71.0999984741211,71.93000030517578,8212200,88.08239874484282,0.6616585675327826,0.03403733586885877
2024-08-26 00:00:00-04:00,71.37999725341797,71.51000213623047,70.9000015258789,71.02999877929688,6750900,83.65954103555131,0.7497265215149724,0.1771751729980815
2024-08-27 00:00:00-04:00,71.58000183105469,71.91000366210938,71.48999786376953,71.7300033569336,4898100,83.15786867154367,0.8660225597852502,0.3149446503555153
2024-08-28 00:00:00-04:00,71.91000366210938,72.0999984741211,71.12000274658203,71.41999816894531,9908200,78.45404460274894,0.922538727937706,0.43646346587195345
2024-08-29 00:00:00-04:00,71.80000305175781,72.26000213623047,71.41000366210938,71.54000091552734,6345900,79.92231506723617,0.965877383876375,0.5423462494728378
2024-08-30 00:00:00-04:00,72.22000122070312,72.33000183105469,71.69000244140625,71.97000122070312,6495600,80.05771276067946,1.0231270402654076,0.6385024076313518
2024-09-03 00:00:00-04:00,71.77999877929688,72.05000305175781,70.72000122070312,70.88999938964844,8228800,67.11893373598562,0.9701672000272055,0.7048353661105226
2024-09-04 00:00:00-04:00,69.87999725341797,70.58000183105469,69.81999969482422,70.16000366210938,5105500,61.99802876744163,0.8593851338257537,0.7357453196535688
2024-09-05 00:00:00-04:00,70.37000274658203,70.70999908447266,70.11000061035156,70.58000183105469,5091200,58.41369525842155,0.7963006323721089,0.7478563821972769
2024-09-06 00:00:00-04:00,69.52999877929688,69.76000213623047,67.93000030517578,68.08999633789062,11533400,44.41534423060152,0.5391678852557646,0.7061186828089745
2024-09-09 00:00:00-04:00,69.2699966430664,69.75,69.16999816894531,69.33000183105469,4790600,45.60206872557592,0.4304840585052716,0.6509917579482339
2024-09-10 00:00:00-04:00,69.1500015258789,69.18000030517578,68.4000015258789,69.13999938964844,4699300,46.19379526226623,0.3252702210415066,0.5858474505668885
2024-09-11 00:00:00-04:00,69.06999969482422,69.63999938964844,68.1500015258789,69.55999755859375,5874000,44.31512528704072,0.27263507159354106,0.5232049747722191
2024-09-12 00:00:00-04:00,69.4800033569336,70.26000213623047,69.27999877929688,70.25,3155900,49.73546112651041,0.28333268405739886,0.47523051662925503
2024-09-13 00:00:00-04:00,69.87999725341797,70.26000213623047,69.72000122070312,69.87000274658203,3882300,39.802013853742544,0.2581719706546153,0.4318188074343271
2024-09-16 00:00:00-04:00,70.22000122070312,70.56999969482422,70.08999633789062,70.54000091552734,5148600,47.51774584654819,0.288964177669115,0.4032478814812847
2024-09-17 00:00:00-04:00,69.94999694824219,70.16000366210938,69.45999908447266,69.70999908447266,4484600,39.89999404908135,0.243585114845132,0.3713153281540542
2024-09-18 00:00:00-04:00,69.54000091552734,70.19999694824219,69.13999938964844,69.38999938964844,4204200,39.86015584985732,0.17972877811847354,0.3329980181469381
2024-09-19 00:00:00-04:00,71.06999969482422,71.41999816894531,70.63999938964844,71.2300033569336,6376100,48.6786135198208,0.27443163672724324,0.32128474186299916
2024-09-20 00:00:00-04:00,71.5,71.54000091552734,70.86000061035156,71.2699966430664,6623000,46.913561143117036,0.3486919546253091,0.3267661844154612
2024-09-23 00:00:00-04:00,71.5199966430664,71.88999938964844,71.47000122070312,71.69999694824219,3480500,53.78857518056468,0.43720143652954846,0.3488532348382786
2024-09-24 00:00:00-04:00,71.13999938964844,71.2699966430664,70.9000015258789,71.08000183105469,5007100,54.347816681112995,0.4521058197098853,0.3695037518126
2024-09-25 00:00:00-04:00,71.30999755859375,71.33999633789062,70.83999633789062,70.94999694824219,3972400,51.79783678299321,0.4482600800432266,0.3852550174587253
2024-09-26 00:00:00-04:00,72.86000061035156,73.23999786376953,72.44999694824219,72.98999786376953,6694400,74.89837169867936,0.6028737749328599,0.42877876895355227
2024-09-27 00:00:00-04:00,71.68000030517578,72.16999816894531,70.81999969482422,71.08000183105469,8990200,58.325408728148055,0.5647751483770378,0.4559780448382494
2024-09-30 00:00:00-04:00,71.83999633789062,71.93000030517578,71.13999938964844,71.54000091552734,5042300,61.13174163366844,0.5651846967214027,0.4778193752148801
2024-10-01 00:00:00-04:00,72.19000244140625,72.3499984741211,71.22000122070312,71.63999938964844,5128000,59.94265549827427,0.5670418029413611,0.4956638607601763
2024-10-02 00:00:00-04:00,71.0999984741211,71.41999816894531,70.80999755859375,71.2300033569336,4396300,54.813383086851566,0.5293285496157552,0.5023967985312922
2024-10-03 00:00:00-04:00,70.55000305175781,71.05000305175781,70.48999786376953,70.94999694824219,3879300,55.357117177122404,0.4714122011645685,0.49619987905794743
2024-10-04 00:00:00-04:00,71.45999908447266,71.93000030517578,71.44000244140625,71.87999725341797,4020900,56.479675108685704,0.4948519844015635,0.49593030012667066
2024-10-07 00:00:00-04:00,71.16999816894531,71.33000183105469,70.7699966430664,71.04000091552734,2930400,56.42513530208743,0.44056889320962966,0.4848580187432625
2024-10-08 00:00:00-04:00,71.18000030517578,71.4800033569336,71.16000366210938,71.26000213623047,2883400,59.12197140724101,0.4105686326086726,0.47000014151634456
2024-10-09 00:00:00-04:00,70.54000091552734,70.9800033569336,70.51000213623047,70.88999938964844,2758400,48.063756776742665,0.35286942149758715,0.4465739975125931
2024-10-10 00:00:00-04:00,70.38999938964844,70.91999816894531,70.20999908447266,70.9000015258789,2604800,47.8857421875,0.3044400741269726,0.418147212835469
2024-10-11 00:00:00-04:00,70.62000274658203,71.12000274658203,70.58999633789062,71.05000305175781,3398100,46.162964564304886,0.2749933843867467,0.3895164471457246
2024-10-14 00:00:00-04:00,70.87999725341797,71.22000122070312,70.83000183105469,71.16999816894531,2416100,50.56459425411911,0.2583610483899861,0.3632853673945769
2024-10-15 00:00:00-04:00,70.75,70.7699966430664,69.62000274658203,69.70999908447266,6168100,43.33334153698741,0.1259185670284495,0.31581200732135145
2024-10-16 00:00:00-04:00,70.01000213623047,70.20999908447266,69.80999755859375,70.12999725341797,6439900,31.380186602452525,0.0542222481906407,0.2634940554952093
2024-10-17 00:00:00-04:00,70.2699966430664,70.2699966430664,69.70999908447266,69.76000213623047,3022100,39.25080239220359,-0.03208327874499162,0.20437858864716915
2024-10-18 00:00:00-04:00,69.98999786376953,70.12999725341797,69.91999816894531,70.12999725341797,2005800,38.347053660603486,-0.06982066766541095,0.14953873738465315
2024-10-21 00:00:00-04:00,69.44999694824219,69.5,68.79000091552734,68.97000122070312,3082600,31.223602884367764,-0.19112661694880728,0.08140566651796106
2024-10-22 00:00:00-04:00,68.11000061035156,68.19000244140625,67.8499984741211,68.05999755859375,3750100,29.1720846111662,-0.3565816942257385,-0.00619180563077884
2024-10-23 00:00:00-04:00,66.5999984741211,66.77999877929688,66.38999938964844,66.66999816894531,7336800,25.458683087389957,-0.5930312736685011,-0.12355969923832329
2024-10-24 00:00:00-04:00,67.0199966430664,67.25,66.93000030517578,67.22000122070312,4179000,22.062336079858085,-0.7276507147023068,-0.24437790233112
2024-10-25 00:00:00-04:00,67.48999786376953,67.68000030517578,67.05000305175781,67.23999786376953,3168200,24.733985349917816,-0.823234297094416,-0.3601491812837792
2024-10-28 00:00:00-04:00,67.58999633789062,67.9000015258789,67.48999786376953,67.69999694824219,2905500,27.061783452641137,-0.8520450481035766,-0.4585283546477387
2024-10-29 00:00:00-04:00,68.23999786376953,68.52999877929688,68.08999633789062,68.36000061035156,4448000,34.28569803853182,-0.8122577939612512,-0.5292742425104413
2024-10-30 00:00:00-04:00,68.75,68.91000366210938,68.38999938964844,68.41999816894531,6802400,34.69130558048981,-0.7670428147429789,-0.5768279569569489
2024-10-31 00:00:00-04:00,68.20999908447266,68.20999908447266,67.41000366210938,68.06999969482422,5205400,32.048129644864616,-0.7507968510147691,-0.611621735768513
2024-11-01 00:00:00-04:00,67.69999694824219,68.29000091552734,67.69999694824219,67.9800033569336,3371600,30.71340995956504,-0.7366916374296295,-0.6366357161007363
2024-11-04 00:00:00-05:00,68.11000061035156,68.62000274658203,67.91999816894531,68.04000091552734,2371900,37.845683660165555,-0.7124590678391485,-0.6518003864484188
2024-11-05 00:00:00-05:00,68.25,69.18000030517578,68.18000030517578,69.06999969482422,3278700,42.91443632090867,-0.6031890999501144,-0.642078129148758
2024-11-06 00:00:00-05:00,69.30000305175781,69.45999908447266,68.54000091552734,69.37999725341797,3993100,47.43931429887553,-0.4859756264176127,-0.6108576286025289
2024-11-07 00:00:00-05:00,69.70999908447266,70.12000274658203,69.55999755859375,69.9800033569336,4614400,49.019646953226285,-0.34073978987760256,-0.5568340608575437
2024-11-08 00:00:00-05:00,69.4000015258789,69.5,69.16999816894531,69.43000030517578,5076700,53.267038527353655,-0.26694284184684136,-0.49885581705540327
2024-11-11 00:00:00-05:00,69.47000122070312,69.77999877929688,69.44000244140625,69.5999984741211,2468500,62.22223836910069,-0.19252152900833153,-0.43758895944598897
2024-11-12 00:00:00-05:00,69.08000183105469,69.16999816894531,68.1500015258789,68.5,8155700,65.22465477275554,-0.21976942111308517,-0.3940250517794082
2024-11-13 00:00:00-05:00,67.98999786376953,68.04000091552734,67.45999908447266,67.73999786376953,4318600,54.18004163053331,-0.2992399409387474,-0.37506802961127605
